{"camera_matrix": [[3015.864434597364, 0.0, 1903.6906588006825], [0.0, 2811.3182521781473, 930.9704121012893], [0.0, 0.0, 1.0]], "dist_coeffs": [[0.4794224067507588, -2.3902257688362365, 0.00939521707397586, -0.030453990664931697, 6.387085365707826]], "rvecs": [[[0.3815288729687227], [-0.2988572636389345], [-1.680287174376859]], [[-0.0408721037879544], [-0.4000358952170299], [3.022188621431726]], [[-0.19103155244789385], [-0.03182599808777874], [3.0913527094631212]], [[0.0722788963855069], [-0.5075523437666958], [3.00462200718704]], [[0.1907584926136276], [0.21712123070586206], [0.06068263268198335]], [[-0.07922945402916312], [-0.14154753146355384], [3.1219414652723128]], [[0.07100651191902883], [-0.20855400306536961], [3.110894298084373]], [[0.03231184726464846], [-0.14975802812072042], [3.13331571367741]], [[-0.10754734406619598], [-0.32228624342130757], [3.04524616998157]], [[-0.17985166445694287], [-0.1584303534461611], [3.08369495903061]]], "tvecs": [[[2.443023962665223], [1.206150739392631], [30.0514663284962]], [[9.69857120488397], [-0.7238997252167959], [33.808753058053256]], [[8.017398252048228], [1.6798621561512674], [33.722128443306154]], [[8.77785737159254], [1.155524090018886], [32.1529322264297]], [[1.3244882950863657], [-5.914459445640067], [35.12816142160507]], [[8.302911874084165], [-0.602866025770199], [33.29259883681878]], [[5.124441957218622], [-0.7540933784268287], [33.88296011983188]], [[6.931376151016222], [-1.2511002567290521], [33.57042936986345]], [[10.586320332604517], [-1.5233761827902592], [33.47855771805183]], [[9.087787956894502], [0.5479342362616331], [33.72616116992324]]]}